{
  "0": {
    "barriers": {
      "platform1": [
        "platform1"
        0,
        110,
        499,
        29
      ]
    },
    "goal": [
      "goal",
      0,
      0,
      499,
      29
    ],
    "playItem": [
      60,
      60,
      0,
      0
    ],
    "foodItem": [
      "Box",
      "box",
      "img/orange.png",
      true
    ]
  },
  "default": {
    "barriers": {
      "top_wall": [
        "top_wall",
        0,
        0,
        499,
        29
      ],
      "bottom_wall": [
        "bottom_wall",
        0,
        400,
        499,
        499
      ],
      "left_wall": [
        "left_wall",
        0,
        0,
        49,
        499
      ],
      "right_wall": [
        "right_wall",
        450,
        0,
        499,
        499
      ]
    }
  }
}